title,data,play,link,en_title,de_title,es_title,dk_title,,en_play,de_play,es_play,dk_play,,br_play,fr_play,sv_play,en_link,de_link,es_link,dk_link,,br_link,fr_link,sv_link,en_meta_title,en_meta_description,en_meta_twitter,de_meta_title,de_meta_description,de_meta_twitter,es_meta_title,es_meta_description,es_meta_twitter,dk_meta_title,dk_meta_description,dk_meta_twitter,,,,br_meta_title,br_meta_description,br_meta_twitter,fr_meta_title,fr_meta_description,fr_meta_twitter,sv_meta_title,sv_meta_description,sv_meta_twitter
Texas Holdem,texas-holdem,"Ready to Start Putting all You've Learned into Action?

At 888poker, you will find a wide range of Texas Hold'em games – from Multi-Table Tournaments to Cash Games.

And, it's as easy as 1-2-3 to download the state-of-the-art poker software and start crushing the tables.

Start with our Beginner Play Money tables and put into practice what you've learned here. You can also play at the Cash Money Tables for nothing, with our No Deposit Bonuses. Or get free entry to events, like the monthly Twitter and Facebook Free Tournaments.

Isn't it time you started playing at 888poker?",http://uk.888poker.com/official-texas-holdem/,Texas Holdem,Texas Holdem,Texas Holdem,Texas Hold'em,,"Ready to Start Putting all You've Learned into Action?

At 888poker, you will find a wide range of Texas Hold'em games – from Multi-Table Tournaments to Cash Games.

And, it's as easy as 1-2-3 to download the state-of-the-art poker software and start crushing the tables.

Start with our Beginner Play Money tables and put into practice what you've learned here. You can also play at the Cash Money Tables for nothing, with our No Deposit Bonuses. Or get free entry to events, like the monthly Twitter and Facebook Free Tournaments.

Isn't it time you started playing at 888poker?","Sind Sie bereit, all das, was Sie gelernt haben, in die Praxis umzusetzen?

Bei 888poker finden Sie eine große Bandbreite an Texas Hold'em-Spielen – von Multi-Table-Turnieren bis hin zu Cash Games.

Und es ist so leicht wie das Zählen bis Drei das modernste Pokerprogramm herunterzuladen und damit zu beginnen, die Tische aufzumischen.

Beginnen Sie mit unseren Beginner Play Money-Tischen und setzen Sie um, was Sie hier gelernt haben. Sie können mit unseren Bonusgutschriften auch umsonst an Cash Money-Tischen spielen, ohne etwas einzuzahlen. Oder erhalten Sie kostenlos Zugang zu unseren Veranstaltungen, wie den monatlichen Gratisturnieren auf Twitter und Facebook.

Ist es nicht an der Zeit, dass Sie hier bei 888poker mit dem Spielen beginnen?","¿Estás listo para poner en práctica lo que has aprendido?

En 888poker.es vas a encontrar una gran variedad de partidas de Texas Hold'em, desde torneos a partidas de cash. 

Y, es tan sencillo como descargar el mejor software de póker y empezar a jugar y ganar en las mesas. 

Comienza en nuestras mesas de juego en prácticas y utiliza lo que has aprendido. Puedes jugar en las mesas de cash con nuestros bonos sin depósito. O conseguir entradas gratis a torneos, como los mensuales de Twitter y Facebook.

¿No es hora de que empieces a jugar en 888poker.es?","Er du klar til at afprøve din nye viden i praksis?

Hos 888poker finder du en bred vifte af Texas Hold'em-spil – fra multiturneringer til cash games.

Og det er så let som 1-2-3 at downloade vores lækre pokersoftware og gå i gang med at smadre bordene.

Læg ud med vores demospil for begyndere, og se, om din nye viden holder i virkeligheden. Du kan også spille gratis ved cash game-bordene med vores No Deposit-bonusser. Eller få gratis adgang til events som de månedlige Twitter- og Facebook-turneringer.

Er det ikke ved at være tid til at prøve 888poker?",,"Você está pronto para colocar em prática tudo o que aprendeu?

No 888poker, você encontrará uma grande variedade de jogos Texas Hold'em, de torneios multimesas a mesas a dinheiro.

E é muito fácil; basta baixar nosso mais recente software de pôquer e arrebentar nas mesas.

Comece em nossas mesas para principiantes e coloque em prática o que aprendeu aqui. Você também pode jogar gratuitamente nas mesas que valem dinheiro, usando nossos bônus sem depósito. Ou participe gratuitamente de eventos, como os Torneios Grátis mensais do Twitter e do Facebook.

Não é hora de começar a jogar no 888poker?","Êtes-vous prêt à commencer à mettre en pratique tout ce que vous avez appris?

Avec 888poker, vous pourrez jouer à une vaste gamme de jeux de Texas Hold'em, allant des tournois multi-tables aux parties à l’argent.

De plus, le téléchargement de ce logiciel de poker d’avant-garde est tout ce qu’il y a de plus simple, et vous pourrez rapidement commencer à vaincre les concurrents aux tables.

Commencez par nos tables en mode démo pour débutants et appliquez ce que vous avez appris ici. Vous pouvez également jouer gratuitement aux tables à argent, sans aucun bonus de dépôt. Vous pouvez aussi participer gratuitement à certains évènements, tels que les tournois gratuits de Twitter et Facebook.

N’est-ce pas le temps de commencer à jouer avec 888poker?","Är du redo att börja praktisera allt du lärt dig på riktigt?

På 888poker finns många olika Texas Hold'em-spel, från flerbordsturneringar till kontantspel.

Och det är lätt som en plätt att hämta den allra senaste pokerprogramvaran och börja rensa borden.

Börja på våra bord med övningsspel för nybörjare och använd dig av det du har lärt dig här. Du kan också spela gratis vid bord med kontantspel med våra bonusar utan insättning. Eller få gratis tillträde till evenemang som månadens gratis Twitter- och Facebook-turneringar.

Är det inte på tiden att du började spela på 888poker?",http://uk.888poker.com/official-texas-holdem/,http://uk.888poker.com/official-texas-holdem/,http://uk.888poker.com/official-texas-holdem/,https://www.888poker.dk/poker-games/texas-holdem/,,https://br.888poker.com/official-texas-holdem/,https://fr.888poker.com/official-texas-holdem/,https://sv.888poker.com/official-texas-holdem/,Texas Holdem - an Interactive Poker Guide by 888poker,"Learn how to play the most popular card game with The Game visual guide. Don't waste time, learn Texas Holdem and start your first hand right now.",Learn how to play Texas Holdem in no time with our @888poker visual guide #thegame,"Texas Hold‘em - eine interaktive Pokeranleitung von 888poker","Erlernen Sie das beliebteste Kartenspiel mit Hilfe der visuellen Anleitung ""The Game"". Verlieren Sie keine Zeit, erlernen Sie Texas Hold‘em und beginnen Sie sofort mit Ihrer ersten Kartenhand.","Erlernen Sie in Windeseile Texas Hold‘em mit der visuellen Anleitung #thegame von @888poker.","Texas Hold’em: Una guía de póker interactiva de 888poker","Aprende a jugar al juego de cartas más popular con la guía visual The Game. No pierdas más tiempo; aprende a jugar a Texas Hold’em y comienza tu primera mano ahora mismo.","Aprende a jugar a Texas Hold’em de inmediato con nuestra guía visual #thegame de @888poker",Texas Hold'em – en interaktiv pokerguide fra 888poker,"The Game er en visuel guide, der viser dig, hvordan du spiller de mest populære kortspil. Spild ikke tiden, lær Texas Hold'em, og spil din første hånd med det samme.",Lær at spille Texas Hold’em på ingen tid med vores @888poker visuelle guide #thegame,,,,Texas Hold'em: um guia de pôquer interativo do 888poker,Aprenda a jogar o jogo de cartas mais popular com o guia visual O Jogo. Não perca tempo; aprenda Texas Hold'em e comece sua primeira mão agora mesmo.,Aprenda a jogar Texas Hold'em rapidamente com o guia visual #thegame do @888poker,Texas Hold'em – un guide interactif sur le poker offert par 888poker,"Apprenez comment jouer au jeu de cartes le plus populaire grâce au guide visuel The Game. Ne perdez pas de temps, apprenez à jouer au Texas Hold'em et commencez votre première main dès maintenant.",Apprenez comment jouer au Texas Hold'em en un instant grâce au guide visuel #thegame de @888poker,Texas Hold’em – en interaktiv pokerguide av 888poker,"Lär dig hur du spelar det populäraste kortspelet med Spelet, vår visuella guide. Slösa inte tid, lär dig Texas Hold’em och spela din första hand nu.",Lär dig hur du spelar det populäraste kortspelet med vår @888poker visuella guide #thegame
Omaha HI,omaha,"Ready to Start Putting all You've Learned into Action?

It's as easy as 1-2-3 to download the state-of-the-art poker software and start crushing the tables.

Start with our Beginner Play Money tables and put into practice what you've learned here. You can also play at the Cash Money Tables for nothing, with our No Deposit Bonuses. Or get free entry to events, like the monthly Twitter and Facebook Free Tournaments.

Isn't it time you started playing at 888poker?",http://uk.888poker.com/official-omaha-hi/,Omaha HI,Omaha HI,Omaha HI,Omaha HI,,"Ready to Start Putting all You've Learned into Action?

It's as easy as 1-2-3 to download the state-of-the-art poker software and start crushing the tables.

Start with our Beginner Play Money tables and put into practice what you've learned here. You can also play at the Cash Money Tables for nothing, with our No Deposit Bonuses. Or get free entry to events, like the monthly Twitter and Facebook Free Tournaments.

Isn't it time you started playing at 888poker?","Bereit, all das, was Sie gelernt haben, in Action umzusetzen?

Es ist so einfach wie 1, 2, 3, die topaktuelle Pokersoftware herunterzuladen und Tisch für Tisch zu gewinnen.

Beginnen Sie mit unseren Beginner Play Money-Tischen und setzen Sie um, was Sie hier gelernt haben. Sie können mit unseren Bonusgutschriften auch umsonst an Cash Money-Tischen spielen, ohne etwas einzuzahlen. Eine andere Möglichkeit besteht in der kostenlosen Teilnahme an Veranstaltungen, wie den monatlichen Gratisturnieren auf Twitter und Facebook.

Wäre es nicht an der Zeit, mit dem Poker auf 888poker zu beginnen?
","¿Estás listo para poner en práctica lo aprendido?

Es tan sencillo como descargar el mejor software de póker y empezar a jugar y ganar en las mesas. 


Comienza en nuestras mesas de juego en prácticas y utiliza lo que has aprendido. Puedes jugar en las mesas de cash con nuestros bonos sin depósito. O conseguir entradas gratis a torneos, como los mensuales de Twitter y Facebook.

¿No es hora de que empieces a jugar en 888poker.es?","Er du klar til at afprøve din nye viden i praksis?

Det er så let som 1-2-3 at downloade vores lækre pokersoftware og gå i gang med at smadre bordene.

Læg ud med vores demospil for begyndere, og se, om din nye viden holder i virkeligheden. Du kan også spille gratis ved cash game-bordene med vores No Deposit-bonusser. Eller få gratis adgang til events som de månedlige Twitter- og Facebook-turneringer.

Er det ikke ved at være tid til at prøve 888poker?",,"Você está pronto para colocar em prática tudo o que aprendeu?

É muito fácil, basta baixar nosso mais recente software de pôquer e arrebentar nas mesas.

Comece em nossas mesas para principiantes e coloque em prática o que aprendeu aqui. Você também pode jogar gratuitamente nas mesas que valem dinheiro, usando nossos bônus sem depósito. Ou participe gratuitamente de eventos, como o Torneio Grátis mensal do Twitter e Facebook.

Não é hora de começar a jogar no 888poker?","Êtes-vous prêt à commencer à mettre en pratique tout ce que vous avez appris?

C'est tout ce qu'il y a de plus simple. Téléchargez le logiciel de poker d'avant-garde et commencez à vaincre les concurrents aux tables.

Commencez par nos tables Beginner Play Money (débutants) et appliquez ce que vous avez appris ici. Vous pouvez également jouer gratuitement aux tables à argent, sans aucun bonus de dépôt. Ou obtenez une participation gratuite à des évènements, comme les tournois gratuits mensuels de Twitter et de Facebook.

N'est-il pas temps de commencer à jouer au 888poker?","Är du redo att börja praktisera allt du lärt dig på riktigt?

Det är lätt som en plätt att hämta den allra senaste pokerprogramvaran och börja rensa borden.

Börja på våra bord med övningsspel för nybörjare och använd dig av det du har lärt dig här. Du kan också spela gratis vid bord med kontantspel med våra bonusar utan insättning. Eller få gratis tillträde till evenemang som månadens gratis Twitter- och Facebook-turneringar.

Är det inte på tiden att du började spela på 888poker?",http://uk.888poker.com/official-omaha-hi/,http://uk.888poker.com/official-omaha-hi/,http://uk.888poker.com/official-omaha-hi/,https://www.888poker.dk/poker-games/omaha/,,https://br.888poker.com/official-omaha-hi/,https://fr.888poker.com/official-omaha-hi/,https://sv.888poker.com/official-omaha-hi/,Omaha Hi - an Interactive Poker Guide by 888poker,The Omaha Hi (PLO) visual guide is a perfect place to start learning this exciting game. Get the inside scoop on how to play Omaha in a few simple steps.,Learn how to play Omaha Hi (PLO) in no time with our @888poker visual guide #thegame,"Omaha Hi - eine interaktive Pokeranleitung von 888poker","Unsere visuelle Anleitung für ""Omaha Hi (PLO)"" ist ein perfekter Ort um mit dem Erlernen dieses spannenden Spiels zu beginnen. Erhalten Sie exklusive Tipps, wie Sie Omaha in wenigen einfachen Schritten erlernen können.
","Erlernen Sie in Windeseile Omaha Hi (PLO) mit der visuellen Anleitung #thegame von @888poker.
","Omaha Hi: Una guía de póker interactiva de 888poker","La guía visual Omaha Hi (PLO) es el lugar perfecto para aprender a jugar este juego alucinante. Obtén consejos exclusivos de expertos sobre cómo jugar a Omaha en unos simples pasos.","Aprende a jugar a Omaha Hi (PLO) de inmediato con nuestra guía visual #thegame de @888poker",Omaha Hi – en interaktiv pokerguide fra 888poker,"Vores visuelle guide til Omaha Hi (PLO) giver dig en perfekt start på det spændende spil. Få insiderviden om, hvordan du spiller Omaha i nogle få enkle trin.",Lær at spille Omaha Hi (PLO) på ingen tid med vores @888poker visuelle guide #thegame,,,,Omaha Hi: um guia de pôquer interativo do 888poker,O guia visual de Omaha Hi (PLO) é um lugar perfeito para começar a aprender esse jogo empolgante. Receba as melhores informações sobre como jogar Omaha em algumas etapas simples.,Aprenda a jogar Omaha Hi (PLO) rapidamente com o guia visual #thegame do @888poker,Omaha Hi – un guide interactif sur le poker offert par 888poker,Le guide visuel Omaha Hi (PLO) est l'outil idéal pour commencer à apprendre ce jeu passionnant. Obtenez des conseils de choix en quelques étapes simples sur la manière de jouer à Omaha.,Apprenez comment jouer à Omaha Hi (PLO) en un instant grâce au guide visuel #thegame de @888poker,Omaha Hi – en interaktiv pokerguide av 888poker,"Den visuella guiden för Omaha Hi (PLO) är den perfekta startpunkten för att lära dig spelet, Våra insidertips om hur du spelar Omaha i några enkla steg.",Lär dig hur du spelar Omaha Hi (PLO) med vår @888poker visuella guide #thegame
Omaha HI/LO,omaha-hi-lo,"Ready to Start Putting all You've Learned into Action?

It's as easy as 1-2-3 to download the state-of-the-art poker software and start crushing the tables.

Start with our Beginner Play Money tables and put into practice what you've learned here. You can also play at the Cash Money Tables for nothing, with our No Deposit Bonuses. Or get free entry to events, like the monthly Twitter and Facebook Free Tournaments.

Isn't it time you started playing at 888poker?",http://uk.888poker.com/official-omaha-hi-lo/,Omaha HI/LO,Omaha HI/LO,Omaha HI/LO,Omaha HI/LO,,"Ready to Start Putting all You've Learned into Action?

It's as easy as 1-2-3 to download the state-of-the-art poker software and start crushing the tables.

Start with our Beginner Play Money tables and put into practice what you've learned here. You can also play at the Cash Money Tables for nothing, with our No Deposit Bonuses. Or get free entry to events, like the monthly Twitter and Facebook Free Tournaments.

Isn't it time you started playing at 888poker?","Bereit, all das, was Sie gelernt haben, in Action umzusetzen?

Es ist so einfach wie 1, 2, 3, die topaktuelle Pokersoftware herunterzuladen und Tisch für Tisch zu gewinnen.

Beginnen Sie mit unseren Beginner Play Money-Tischen und setzen Sie um, was Sie hier gelernt haben. Sie können mit unseren Bonusgutschriften auch umsonst an Cash Money-Tischen spielen, ohne etwas einzuzahlen. Eine andere Möglichkeit besteht in der kostenlosen Teilnahme an Veranstaltungen, wie den monatlichen Gratisturnieren auf Twitter und Facebook.

Wäre es nicht an der Zeit, mit dem Poker auf 888poker zu beginnen?
","¿Estás listo para poner en práctica lo aprendido?

Es tan sencillo como descargar el mejor software de póker y empezar a jugar y ganar en las mesas. 


Comienza en nuestras mesas de juego en prácticas y utiliza lo que has aprendido. Puedes jugar en las mesas de cash con nuestros bonos sin depósito. O conseguir entradas gratis a torneos, como los mensuales de Twitter y Facebook.

¿No es hora de que empieces a jugar en 888poker.es?","Er du klar til at afprøve din nye viden i praksis?

Det er så let som 1-2-3 at downloade vores lækre pokersoftware og gå i gang med at smadre bordene.

Læg ud med vores demospil for begyndere, og se, om din nye viden holder i virkeligheden. Du kan også spille gratis ved cash game-bordene med vores No Deposit-bonusser. Eller få gratis adgang til events som de månedlige Twitter- og Facebook-turneringer.

Er det ikke ved at være tid til at prøve 888poker?",,"Você está pronto para colocar em prática tudo o que aprendeu?

É muito fácil, basta baixar nosso mais recente software de pôquer e arrebentar nas mesas.

Comece em nossas mesas para principiantes e coloque em prática o que aprendeu aqui. Você também pode jogar gratuitamente nas mesas que valem dinheiro, usando nossos bônus sem depósito. Ou participe gratuitamente de eventos, como o Torneio Grátis mensal do Twitter e Facebook.

Não é hora de começar a jogar no 888poker?","Êtes-vous prêt à commencer à mettre en pratique tout ce que vous avez appris?

C’est tout ce qu’il y a de plus simple. Téléchargez le logiciel de poker d’avant-garde et commencez à vaincre les concurrents aux tables.

Commencez par nos tables mode démo pour débutants et appliquez ce que vous avez appris ici. Vous pouvez également jouer gratuitement aux tables à argent, sans aucun bonus de dépôt. Ou obtenez une participation gratuite à des évènements, comme les tournois gratuits mensuels de Twitter et de Facebook.

N’est-il pas temps de commencer à jouer à 888poker?","Är du redo att börja praktisera allt du lärt dig på riktigt?

Det är lätt som en plätt att hämta den allra senaste pokerprogramvaran och börja rensa borden.

Börja på våra bord med övningsspel för nybörjare och använd dig av det du har lärt dig här. Du kan också spela gratis vid bord med kontantspel med våra bonusar utan insättning. Eller få gratis tillträde till evenemang som månadens gratis Twitter- och Facebook-turneringar.

Är det inte på tiden att du började spela på 888poker?",http://uk.888poker.com/official-omaha-hi-lo/,http://uk.888poker.com/official-omaha-hi-lo/,http://uk.888poker.com/official-omaha-hi-lo/,https://www.888poker.dk/poker-games/omaha-hi-low/,,https://br.888poker.com/official-omaha-hi-lo/,https://fr.888poker.com/official-omaha-hi-lo/,https://sv.888poker.com/official-omaha-hi-lo/,Omaha Hi-Lo - an Interactive Poker Guide by 888poker,Omaha Hi-Lo is one of the most popular poker games with two winners. Learn how to play this exciting game with our visual guide. Get more chances to win!,Learn how to play Omaha Hi-Lo with our @888poker visual guide #thegame,"Omaha Hi-Lo - eine interaktive Pokeranleitung von 888poker","Omaha Hi-Lo ist eine der beliebtesten Pokervarianten mit zwei Gewinnern. Erlernen Sie dieses spannende Spiel mit unserer visuellen Anleitung. Erhalten Sie mehr Chancen auf einen Gewinn!",Erlernen Sie Omaha Hi-Lo mit der visuellen Anleitung #thegame von @888poker.,"Omaha Hi-Lo: Una guía de póker interactiva de 888poker","Omaha Hi-Lo es uno de los juegos de póker más populares que tiene dos ganadores. Aprende a jugar a este juego alucinante con nuestra guía visual. ¡Obtén más oportunidades de ganar!","Aprende a jugar a Omaha Hi-Lo con la guía visual #thegame de @888poker",Omaha Hi-Lo – en interaktiv pokerguide fra 888poker,"Omaha Hi-Lo er et af de mest populære pokerspil med to vindere. Vores visuelle guide viser dig, hvordan du spiller det spændende spil. Styrk dine vinderchancer!",Lær at spille Omaha Hi-Lo med vores @888poker visuelle guide #thegame,,,,Omaha Hi-Lo: um guia de pôquer interativo do 888poker,O Omaha Hi-Lo é um dos mais populares jogos de pôquer com dois vencedores. Aprenda a jogar este jogo empolgante com nosso guia visual. Tenha mais chances de ganhar!,Aprenda a jogar Omaha Hi-Lo rapidamente com o guia visual #thegame do @888poker,Omaha Hi-Lo – un guide interactif sur le poker offert par 888poker,Omaha Hi-Lo est un des jeux de poker avec deux gagnants les plus populaires. Apprenez comment jouer à ce jeu passionnant grâce à notre guide visuel. Augmentez vos chances de gagner!,Apprenez comment jouer à Omaha Hi-Lo grâce au guide visuel #thegame de @888poker,Omaha Hi-Lo – en interaktiv pokerguide av 888poker,Omaha Hi-Lo är ett av de populäraste pokerspelen med två vinnare. Lär dig hur du spelar detta spännande spel med vår visuella guide. Fler chanser att vinna!,Lär dig hur du spelar Omaha Hi-Lo ned vår @888poker visuella guide #thegame
7 Card Stud,seven-card-stud,"Stud Poker has a unique style that just makes you want to play more. It takes patience and a decent amount of skill to get really good at this form of poker, but it's well worth the effort.

It's as easy as 1-2-3 to download the state-of-the-art poker software and start crushing the tables.

Start with our Beginner Play Money tables and put into practice what you've learned here. You can also play at the Cash Money Tables for nothing, with our No Deposit Bonuses. Or get free entry to events, like the monthly Twitter and Facebook Free Tournaments.

Isn't it time you started playing at 888poker?",http://uk.888poker.com/official-seven-card-stud/,7 Card Stud,"7 Card Stud
",7 Card Stud,7-Card Stud,,"Stud Poker has a unique style that just makes you want to play more. It takes patience and a decent amount of skill to get really good at this form of poker, but it's well worth the effort.

It's as easy as 1-2-3 to download the state-of-the-art poker software and start crushing the tables.

Start with our Beginner Play Money tables and put into practice what you've learned here. You can also play at the Cash Money Tables for nothing, with our No Deposit Bonuses. Or get free entry to events, like the monthly Twitter and Facebook Free Tournaments.

Isn't it time you started playing at 888poker?","Stud Poker besitzt eine einzigartige Anziehungskraft, die einfach dazu animiert, mehr zu spielen. Es verlangt Geduld und das nötige Maß an Fähigkeiten, um in dieser Form des Pokers wirklich gut zu werden, aber es ist die Mühe wert.

Das Herunterladen der hochmodernen Pokersoftware ist kinderleicht – also nichts wie ran an die Tische.

Beginnen Sie mit unseren Demospieltischen für Anfänger und setzen Sie das hier Gelernte dort um. Mit unseren Boni, für die keine Einzahlung erforderlich ist, können Sie auch an unseren Echtgeldtischen umsonst spielen. Oder nehmen Sie kostenlos an Veranstaltungen wie den monatlich stattfindenden Twitter- und Facebook-Gratisturnieren teil.

Ist es nicht an der Zeit, bei 888poker zu spielen?
","El Stud Poker tiene un estilo único que hará que quieras jugar más. Requiere paciencia y una cantidad importante de habilidad para ser un buen jugador en esta modalidad, pero merece la pena el esfuerzo. 


Y, es tan sencillo como descargar el mejor software de póker y empezar a jugar y ganar en las mesas. 

Comienza en nuestras mesas de juego en prácticas y utiliza lo que has aprendido. Puedes jugar en las mesas de cash con nuestros bonos sin depósito. O conseguir entradas gratis a torneos, como los mensuales de Twitter y Facebook.

¿No es hora de que empieces a jugar en 888poker.es?","Stud Poker har en unik stil, der bare giver dig lyst til at spille videre. Det kræver både tålmodighed og en hel del øvelse at blive rigtig god til denne type poker, men det er uden tvivl indsatsen værd.

Det er så let som 1-2-3 at downloade vores lækre pokersoftware og gå i gang med at smadre bordene.

Læg ud med vores demospil for begyndere, og se, om din nye viden holder i virkeligheden. Du kan også spille gratis ved cash game-bordene med vores No Deposit-bonusser. Eller få gratis adgang til events som de månedlige Twitter- og Facebook-turneringer.

Er det ikke ved at være tid til at prøve 888poker?",,"O Stud Poker tem um estilo único que simplesmente faz você querer jogar mais. É preciso paciência e um nível razoável de habilidade para ficar realmente bom neste tipo de pôquer, mas vale a pena o esforço.

É muito fácil baixar o software de pôquer moderníssimo e começar a detonar nas mesas.

Comece nas mesas de jogo por diversão (dinheiro de brincadeira) para iniciantes e coloque em prática o que aprendeu aqui. Você também pode jogar nas mesas a dinheiro real de graça, com os nossos bônus sem depósito. Ou pode conseguir entradas gratuitas para eventos, como os Torneios Gratuitos mensais do Twitter e do Facebook.

Não é hora de você começar a jogar no 888poker?","Stud Poker offre une style unique qui vous donne simplement envie de jouer davantage. Il faut de la patience et une bonne dose de qualités pour devenir réellement bon à cette forme de poker, mais cela en vaut vraiment l'effort.

Rien de plus simple que de télécharger le logiciel de poker ultramoderne et de commencer à vous ruer sur les tables.

Commencez par nos tables Beginner Play Money (débutants) et appliquez ce que vous avez appris ici. Vous pouvez également jouer aux tables Cash Money (argent cash), gratuitement, grâce à nos Bonus sans dépôt. Ou recevez une place gratuite pour les événements, par exemple les tournois gratuits mensuels Twitter et Facebook.

N'est-ce pas le bon moment de commencer à jouer sur 888poker?","Stud Poker har en unik stil som bara gör att man vill spela mer. Det krävs tålamod och en portion skicklighet för att bli riktigt bra på den här formen av poker, men det är väl värt ansträngningen.

Det är jätteenkelt att ladda ner den toppmoderna pokerprogramvaran och börja krossa borden.

Börja med våra Nybörjarbord med låtsaspengar och använd det du har lärt dig här. Du kan även spela på kontantbord för ingenting, med våra Ingen insättning-bonusar. Eller få gratis inträde till events, som våra månatliga Twitter- och Facebook-gratisturneringar. 

Är det inte på tiden att du började spela på 888poker?",https://www.888poker.com/magazine/strategy/learn-to-play-7-card-stud-poker-games,http://uk.888poker.com/official-seven-card-stud/,http://uk.888poker.com/official-seven-card-stud/,https://www.888poker.dk/poker-games/seven-card-stud/,,https://br.888poker.com/poker-games/7-card-stud/,https://fr.888poker.com/poker-games/7-card-stud/,https://sv.888poker.com/poker-games/7-card-stud/,7 Card Stud - an Interactive Poker Guide by 888poker,Seven Card Stud is a great alternative to Texas Holdem poker. Learn to play the ‘father of poker’ in no time with The Game visual guide.,Learn to play Seven Card Stud with @888poker visual guide. #thegame,"7 Card Stud - eine interaktive Pokeranleitung von 888poker","Seven Card Stud ist eine großartige Alternative zu Texas Holdem. Erlernen Sie den ""Vater des Pokerspiels"" mit Hilfe der visuellen Anleitung ""The Game"".","Erlernen Sie Seven Card Stud mit der visuellen Anleitung #thegame von @888poker.","7-Card Stud: Una guía de póker interactiva de 888poker","7-Card Stud es una excelente alternativa al póker Texas Hold’em. Aprende a jugar el juego de póker por excelencia de inmediato con la guía visual The Game.","Aprende a jugar a 7-Card Stud con la guía visual #thegame de @888poker",7-Card Stud – en interaktiv pokerguide fra 888poker,7-Card Stud er et fantastisk alternativ til Texas Hold’em poker. Lær at spille klassikeren over dem alle med vores visuelle guide The Game.,Lær at spille 7-Card Stud med vores @888poker visuelle guide. #thegame,,,,7 Card Stud: um guia de pôquer interativo do 888poker,"Seven Card Stud é uma ótima alternativa ao pôquer do Texas Hold'em. Aprenda a jogar o ""pai do pôquer"" rapidamente com o guia visual O Jogo.",Aprenda a jogar Seven Card Stud com o guia visual #thegame do @888poker,7 Card Stud – un guide interactif sur le poker offert par 888poker,7-Card Stud est une excellente option pour remplacer le Texas Hold'em. Apprenez à jouer au « père du poker » en un instant grâce au guide visuel The Game.,Apprenez à jouer à 7-Card Stud grâce au guide visuel #thegame de @888poker,7 Card Stud – en interaktiv pokerguide av 888poker,"Seven Card Stud är ett bra alternativ till Texas Hold’em. Lär dig hur du spelar ""det ursprungliga pokerspelet"" med Spelet, vår visuella guide.",Lär dig hur du spelar Seven Card Stud med @888poker visuella guide #thegame
SNAP,snap,"Ready to Start Putting all You've Learned into Action?

It's as easy as 1-2-3 to download the state-of-the-art poker software and start crushing the tables.

Isn't it time you started playing at 888poker?",http://uk.888poker.com/official-texas-holdem/,SNAP,SNAP,SNAP,SNAP,,"Ready to Start Putting all You've Learned into Action?

It's as easy as 1-2-3 to download the state-of-the-art poker software and start crushing the tables.

Isn't it time you started playing at 888poker?","Bereit, das Gelernte in die Tat umzusetzen?

Es ist kinderleicht, die hochmoderne Poker-Software herunterzuladen und zu beginnen, die Tische aufzumischen.

Wird es nicht Zeit, bei 888poker zu spielen?
","¿Estás listo para llevar a la práctica lo que has aprendido?

Y, es tan sencillo como descargar el mejor software de póker y empezar a jugar y ganar en las mesas. 


¿No es hora de que empieces a jugar en 888poker.es?","Er du klar til at afprøve din nye viden i praksis?

Det er så let som 1-2-3 at downloade vores lækre pokersoftware og gå i gang med at smadre bordene.

Er det ikke ved at være tid til at prøve 888poker?",,"Pronto para colocar o que aprendeu em ação?

É muito fácil baixar o software de pôquer moderníssimo e começar a detonar nas mesas.

Não é hora de você começar a jogar no 888poker?","Prêt à appliquer tout ce que vous avez appris?

Rien de plus simple que de télécharger le logiciel de poker ultramoderne et de commencer à vous ruer sur les tables.

N'est-ce pas le bon moment de comment à jouer sur 888poker?","Redo att börja använda allt du har lärt dig?

Det är jätteenkelt att ladda ner den toppmoderna pokerprogramvaran och börja krossa borden.

Är det inte på tiden att du började spela på 888poker?",https://www.888poker.com/official-texas-holdem/,http://uk.888poker.com/official-texas-holdem/,http://uk.888poker.com/official-texas-holdem/,https://www.888poker.com/official-texas-holdem/,,https://br.888poker.com/official-texas-holdem/,https://fr.888poker.com/official-texas-holdem/,https://sv.888poker.com/official-texas-holdem/,SNAP poker - an Interactive Poker Guide by 888poker,SNAP poker is a fast-fold game format designed to reduce the time between a fold and a new hand. Learn SNAP today and won't have to wait long to win!,Learn SNAP poker today! #thegame @888poker,"SNAP-Poker - eine interaktive Pokeranleitung von 888poker","SNAP-Poker ist ein Pokerformat für schnelles Aussteigen mit dem Ziel die Zeit zwischen dem Aussteigen und dem Ziehen einer neuen Kartenhand zu reduzieren. Erlernen Sie SNAP noch heute und Sie werden nicht lange auf einen Gewinn warten müssen!","Erlernen Sie SNAP-Poker noch heute! #thegame @888poker","SNAP poker: Una guía de póker interactiva de 888poker","SNAP poker es un juego de formato de retirada rápida diseñado para reducir el tiempo entre una retirada y la mano nueva. ¡Aprende a jugar a SNAP hoy mismo y ya no tendrás que esperar mucho tiempo para ganar!","¡Aprende a jugar a SNAP poker hoy mismo! #thegame @888poker",SNAP poker – en interaktiv pokerguide fra 888poker,"SNAP er et pokerspil i lynfold-format, der er designet til at reducere tiden mellem et fold og en ny hånd. Lær SNAP i dag, og slip for at vente på at vinde!",Lær SNAP poker i dag! #thegame @888poker,,,,SNAP Poker: um guia de pôquer interativo do 888poker,"O SNAP Poker é um formato de jogo com desistências rápidas, projetado para reduzir o tempo entre uma desistência e uma nova mão. Aprenda o SNAP hoje mesmo e você não terá que esperar muito para ganhar!",Aprenda o SNAP Poker hoje mesmo! #thegame @888poker,SNAP poker – un guide interactif sur le poker offert par 888poker,Le SNAP poker est un jeu de format passe rapide conçu pour réduire la durée entre une passe et une nouvelle main. Apprenez le SNAP dès aujourd'hui et n'attendrez pas longtemps avant de gagner!,Apprenez le SNAP poker dès aujourd'hui! #thegame @888poker,SNAP poker – en interaktiv pokerguide av 888poker,SNAP poker är ett format utformat att minska väntetider där du får en ny hand så fort du kastar korten. Lär dig SNAP nu så behöver du inte vänta på att vinna!,Lär dig SNAP poker i dag! #thegame @888poker