title,en_title,de_title,es_title,ru_title,dk_title,br_title,fr_title,sv_title,data,card_1,card_1_status,card_2,card_2_status,card_3,card_3_status,card_4,card_4_status,card_5,card_5_status,en_description,de_description,es_description,,dk_description,br_description,fr_description,sv_description,possibility,menu_card_1,menu_card_2,menu_card_3,menu_card_4,menu_card_5
Royal flush,Royal flush,Royal flush,"Escalera real","Флеш-рояль","Royal flush",Royal Flush,Quinte flush royale,Royal flush,royal_flush,1.svg,active,13.svg,active,12.svg,active,11.svg,active,10.svg,active,"Royal flush is the absolute best possible card combination in poker. It contains five cards of the same suit, in sequence from 10 to Ace. It is an unbeatable hand and you can be sure you win the pot or at least some part of it.

Remember, that all suits are equal in poker games. It may be a situation when two or more players hold a royal flush but is highly unlikely. In this case the pot is split between those two players.

Royal flush is a kind of straight flush and is considered the most rare poker hand combination. There are only four possible royal flush hands, one for each suit. The chances of you being dealt a royal flush are very minimal, only 0.00015%. However, if you are lucky you can confidently place an all-in with a royal flush. ","Der Royal Flush ist die absolut beste mögliche Kartenkombination beim Poker. Er besteht aus fünf Karten derselben Farbe, aufsteigend von der 10 bis zum Ass. Diese Hand kann nicht übertroffen werden und Sie können sicher sein, den Pot oder zumindest einen Teil davon zu gewinnen.

Denken Sie daran, beim Poker sind alle Spielkartenfarben gleichwertig. Es kann vorkommen, dass zwei oder mehr Spieler einen Royal Flush auf der Hand haben, aber dies ist höchst unwahrscheinlich. In solch einem Fall wird der Pot zwischen diesen Spielern aufgeteilt.

Der Royal Flush ist eine Art des Straight Flush und wird als die seltenste Pokerhand-Kombination angesehen. Es gibt nur vier mögliche Royal-Flush-Hände, eine für jede Kartenfarbe. Die Chance, einen Royal Flush zu erhalten, ist minimal und liegt bei 0,00015 %. Wenn Sie jedoch das Glück haben, dann können Sie mit einem Royal Flush mit 100%iger Sicherheit All-In gehen. 
","La escalera real es la mejor combinación posible en el póker. Son cinco cartas del mismo palo seguidas desde el 10 hasta el as. Es imbatible por lo que puedes estar seguro de llevarte el bote o al menos parte de él. 

Recuerda que todos los palos valen lo mismo. Puede ocurrir que dos jugadores tengan escalera de color, pero es casi imposible, en este caso el bote se reparte entre esos dos jugadores.  

La escalera real es una escalera de color y se considera la mano de poker más difícil de conseguir. Solo hay cuatro posibles escaleras reales, una por cada palo. Las probabilidades de que te repartan una escalera real son mínimas, solo el  0.00015%. Sin embargo, si tienes esa suerte puedes ir all-in con tranquilidad con una escalera real.",,"Royal flush er den absolut bedste hånd i poker. Den indeholder fem kort i samme kulør i rækkefølge fra 10 til es. Hånden er uovervindelig, og du er sikker på at vinde puljen eller i det mindste en del af den.

Vær opmærksom på, at alle kulører er lige meget værd i poker. Det kan ske, at to eller flere spillere sidder med en royal flush samtidig, men det er temmelig usandsynligt. Hvis det sker, deles puljen mellem de respektive spillere.

Royal flush er den højeste straight flush og den mest sjældne pokerhånd i spillet. Der findes kun fire mulige straight flushes – én i hver kulør. Chancen for at få tildelt en royal flush er minimal, kun 0,00015 %. Hvis det endelig lykkes dig at få en royal flush, kan du dog gå allin med helt og aldeles ro i maven. ","Royal Flush é, absolutamente, a melhor combinação possível de cartas no pôquer. É uma mão que contém cinco cartas do mesmo naipe, em sequência, do 10 ao Ás. É uma mão invencível e, com certeza, você ganhará o pote ou pelo menos parte dele.

Lembre-se de que todos os naipes são iguais nos jogos de pôquer. Uma situação em que dois ou mais jogadores tenham um Royal Flush pode acontecer, mas é extremamente improvável. Neste caso, o pote é dividido entre esses dois jogadores.

Royal Flush é um tipo de Straight Flush e é considerado a mais rara combinação de mão de pôquer. Só existem quatro mãos possíveis de Royal Flush, uma em cada naipe. As chances de você formar um Royal Flush são mínimas, apenas 0,00015%. Entretanto, se tiver sorte, você pode com segurança ir a all-in com um Royal Flush. ","La Quinte flush royale est la meilleure combinaison possible de cartes au poker. Elle est constituée de cinq cartes de la même couleur, consécutives du 10 à l'As. C'est une main imbattable et vous êtes certain de remporter le pot ou au moins une part de celui-ci.

N'oubliez pas que toutes les couleurs sont égales aux jeux de poker. Il est possible qu'au moins deux joueurs possèdent une quinte flush royale, mais cela est très peu probable. Dans ce cas, le pot est réparti entre ces deux joueurs.

La quinte flush royale est un type de quinte, elle est considérée comme la combinaison de main la plus rare au poker. Il n'existe que quatre mains de quinte flush royale, une pour chaque couleur. Les chances de se voir distribuer une quinte flush royale sont très faibles, seulement 0,00015 %. Toutefois, si vous êtes chanceux, vous pouvez miser un all-in en toute confiance avec une quinte flush royale. ","Royal flush är den absolut bästa kortkombinationen i poker. Den innehåller fem kort i samma färg, i sekvens från 10 till ess. Det är en oslagbar hand och du kan vara förvissad om att vinna potten eller åtminstone en del av den.

Kom i håg att alla färgsviter är likvärdiga i pokerspel. Det kan vara i en situation där två eller fler spelare har en royal flush men det är ytterst osannolikt. Då delas potten mellan dessa två spelare.

Royal flush är en sorts färgstege och anses vara den ovanligaste pokerhandkombinationen. Det finns bara fyra möjliga royal flush-händer, en i varje färg. Chansen att du ska få en royal flush är minimal, bara 0,00015 %. Men om du har sådan tur kan du med självförtroende gå all-in med en royal flush. ",0.0015%,10.svg,11.svg,12.svg,13.svg,1.svg
Straight flush,Straight flush,Straight flush,"Escalera de color","Стрейт-флеш","Straight flush","Straight flush",Quinte flush,Färgstege,straight_flush,5.svg,active,6.svg,active,7.svg,active,8.svg,active,9.svg,active,"Straight flush is the highest of all poker hands. It consists of five cards in sequence, all of the same suit. If there are more than one straight flush at showdown, the one containing the highest top card wins the pot
Bearing in mind that all suits in poker are equal, in an event of multiple players reviling a straight flush with the same cards value the pot is split between them. The ace (A) can be used as both the highest (A - K - Q - J - 10) and the lowest card (5 - 4 - 3 - 2 - A). In the first example, the hand is a royal flush - the best possible five-card combination. The second example shows the lowest possible straight flush.

There are 40 possible straight flushes, including four royal flushes in poker. The chances of you being dealt a straight flush are pretty slim at just 0.00139%.","Der Straight Flush ist die höchste aller Pokerhände. Er besteht aus fünf Karten in Reihenfolge, alle von derselben Kartenfarbe. Gibt es beim Showdown mehr als einen Straight Flush, dann gewinnt der Spieler mit der höchsten Karte den Pot.

Da beim Poker alle Kartenfarben gleichwertig sind, kann es vorkommen, dass mehrere Spieler einen Straight Flush mit demselben Kartenwert vorweisen. In diesem Fall wird der Pot zwischen ihnen aufgeteilt. Das Ass (A) kann sowohl als höchste (A - K - Q - J - 10) als auch als niedrigste Karte (5 - 4 - 3 - 2 - A) stehen. Im ersten Beispiel handelt es sich bei der Hand um einen Royal Flush – die bestmögliche 5-Karten-Kombination. Das zweite Beispiel zeigt den niedrigsten möglichen Straight Flush.

Beim Poker gibt es 40 mögliche Straight Flushs, einschließlich der vier Royal Flushs. Die Chancen, dass Ihnen ein Straight Flush ausgeteilt wird, sind mit 0,00139 % ziemlich gering.
","La escalera de color es la más alta de todas las jugadas de póker. Son cinco cartas consecutivas, todas del mismo palo. Si hay más de una escalera de color, la que esté formada por las cartas más altas ganaría el bote. 

Ten en cuenta que todos los palos en el póker valen igual, en el caso de que varios jugadores tengan escalera de color con las mismas cartas, el bote se reparte entre ello. El as puede usarse en la escalera más alta (A-K-Q-J-10) y la más baja (5-4-3-2-A). En el primer caso, es una escalera real, la mejor combinación de cinco cartas. La segunda es la escalera de color más baja. 

Hay 40 escaleras de color posibles, incluyendo las cuatro escaleras reales. Las posibilidades de que te repartan una escalera de color son bastante bajas, solo el 0.00139%.",,"Straight flush er den højeste af alle pokerhænder. Den indeholder fem kort i rækkefølge i samme kulør. Hvis der er mere end én straight flush ved showdown, vinder den med det højeste kort puljen.
Da alle kulører er lige gode i poker, kan det ske, at flere spillere viser en straight flush med samme kortværdi. I så fald deles puljen mellem de pågældende spillere. Esset (A) kan bruges som både højeste (A - K - Q - J - 10) og laveste kort (5 - 4 - 3 - 2 - A). I det første tilfælde er hånden en royal flush – den bedste hånd i poker. Det andet eksempel viser den lavest mulige straight flush.

Der er 40 forskellige straight flushes, inklusive fire royal flushes, i poker. Chancen for at få tildelt en straight flush er forsvindende lille og udgør 0,00139 %.","Straight Flush é a maior de todas as mãos de pôquer. Ela consiste em cinco cartas em sequência, todas do mesmo naipe. Se houver mais de um Straight Flush na hora da verdade (showdown), aquela que contiver a carta maior ganha o pote.
Sabendo-se que todos os naipes no pôquer são iguais, caso vários jogadores tenham um Straight Flush com as mesmas cartas, o valor do pote é dividido entre eles. O Ás (A) pode ser usado como a maior (A - K - Q - J - 10) e a menor carta (5 - 4 - 3 - 2 - A). No primeiro exemplo, a mão é um Royal Flush, a melhor combinação possível de cinco cartas. O segundo exemplo mostra o menor Straight Flush possível.

No pôquer, há 40 Straight Flushes possíveis, incluindo quatro Royal Flushes. As chances de você formar um Straight Flush são pouquíssimas, apenas 0,00139%.","La quinte flush est la plus élevée de toutes les mains au poker. Elle est constituée de cinq cartes consécutives, toutes de la même couleur. En cas de plusieurs quintes flush lors de l'abattage, celle contenant la carte la plus haute remporte le pot.
En sachant que toutes les couleurs sont égales au poker, si plusieurs joueurs possèdent une quinte flush avec la même valeur de cartes, le pot sera réparti entre eux. L'As (A) peut être utilisé comme la carte la plus haute (A - K - Q - J - 10) et la carte la plus basse (5 - 4 - 3 - 2 - A). Dans le premier exemple, la main est une quinte flush royale, la meilleure combinaison possible de cinq cartes. Le second exemple montre la quinte flush la plus basse possible.

Il existe 40 quintes flush possibles au poker, incluant quatre quintes flush royales. Les chances de se voir distribuer une quinte flush sont plutôt faibles, avec seulement 0,00139 %.","Färgstege är den högsta av alla pokerhänder. Den består av fem kort i följd i samma färg. Om det finns mer än en färgstege vid visningen är det den med högsta toppkortet som vinner potten
Med tanke på att alla färger är likvärdiga i poker gäller att om flera spelare får en färgstege med samma kortvärden så delas potten mellan dem. Esset (A) kan används både som högsta (A - K - Q - J - 10) och lägsta kort (5 - 4 - 3 - 2 - A). I det första exemplet är handen en royal flush, den bästa möjliga femkortskombinationen. Det andra exemplet visar den lägsta möjliga färgstegen.

Det finns 40 möjliga färgstegar, inklusive fyra royal flush i poker. Chansen att du ska få en färgstege är rätt liten: 0,00139 %.",0.00139%,15.svg,16.svg,17.svg,18.svg,19.svg
Four of a kind,Four of a kind,Vierling,"Póker","Каре","Fire ens",Quadra,Carré,Fyrtal,four_of_kind,11.svg,active,24.svg,active,37.svg,active,50.svg,active,17.svg,passive,"Four-of-a-kind or also known as quads is the next highest ranking hand after the starting flush. It consists of any four cards with the same rank and any other card. If there are more than one player with a quads at showdown, the player with the highest four cards wins the pot. 

In poker games with community cards, if two or more players share the same four-of-a-kind, the winner is decided by the bigger fifth card, also known as the ‘kicker’.

There are 624 possible four-of-a-kind hands. The best one contains four aces, the lowest is made up of 2 - 2 - 2 - 2. The chances of being dealt a quads are also very rare at 0.024%.","Der Vierling, auch bekannt als Four-of-a-kind, ist die nächst höhere Hand nach dem Starting Flush. Er besteht aus beliebigen vier Karten vom gleichen Wert sowie einer beliebigen weiteren Karte. Gibt es beim Showdown mehrere Spieler mit einem Vierling, dann gewinnt derjenige mit den höchsten vier Karten den Pot.

In Pokerspielen mit Gemeinschaftskarten können mehrere Spieler denselben Vierling haben. Der Gewinner ist dann derjenige mit der höchsten fünften Karte, auch als „Kicker“ bezeichnet.

Es gibt 624 Möglichkeiten für eine Hand mit einem Vierling. Die beste besteht aus vier Assen, die niedrigste aus 2 - 2 - 2 - 2. Die Chancen, einen Vierling zu erhalten, sind mit 0,024 % immer noch sehr niedrig.
","Poker es la siguiente mano más fuerte por debajo de la escalera de color. Son cuatro cartas del mismo valor junto a otra carta más. Si hay más de un jugador con póker, el que lo tenga de cartas más altas se lleva el bote.

En los juegos con cartas comunitarias, si dos o más jugadores tienen el mismo pṕoker, el ganador es el que tenga la mejor quinta carta, llamada también carta de apoyo.

Hay 624 combinaciones posibles de póker. La mejor son cuatro ases y la más baja es 2-2-2-2. Las probabilidades de que te repartan póker también son bajas, el 0,024%.",,"Fire ens kaldes også quads og er den næsthøjeste hånd efter straight flush. Den består af fire kort med samme værdi og et kort mere. Hvis der er mere end én spiller med quads ved showdown, vinder den spiller, der har de højeste fire ens.

I pokerspil med fælleskort er det muligt for to eller flere spillere at dele de samme fire ens. I så fald afgøres hånden af, hvem der har det bedste femte kort, den såkaldte kicker.

Der findes 624 forskellige kombinationer af fire ens. Den bedste er naturligvis fire esser, mens den ringeste består af 2 - 2 - 2 - 2. Sandsynligheden for at få tildelt quads er så lav som 0,024 %.","A quadra ou ""four-of-a-kind"" é a próxima melhor classificação depois do Straight Flush. Ela é formada de quaisquer quatro cartas de valor idêntico e qualquer outra carta. Se houver mais de um jogador com uma quadra na hora da verdade, o jogador com as quatro cartas maiores ganha o pote.

Nos jogos de pôquer com cartas da mesa ou comunitárias, se dois ou mais jogadores compartilharem a mesma quadra, o vencedor será decidido pela quinta carta maior, também conhecida como desempate ou ""kicker"".

Há 624 quadras possíveis. A maior delas é a formada por quatro Ases e a menor por 2 - 2 - 2 - 2. As chances de formar uma quadra também são pouquíssimas, 0,024%.","Le carré, également appelé « Quads », est la main la plus élevée qui suit dans le classement après la quinte flush. Elle est constituée de n'importes quelles quatre cartes de même valeur et de toute autre carte. Lors de l'abattage, si plusieurs joueurs possèdent un carré, le joueur possédant les quatre cartes les plus élevées remporte le pot.

Aux jeux de poker avec des cartes communautaires, si au moins deux joueurs partagent le même carré, le gagnant est celui qui a la cinquième carte la plus haute, également appelée le « kicker ».

Il existe 624 mains de carré possibles. Le meilleur carré est constitué de quatre As, et le plus faible est constitué de 2 - 2 - 2 - 2. Les chances d'obtenir un carré sont également très faibles avec 0,024 %.","Fyrtal är den näst högst rankade handen, efter inledande färg. Den består av fyra kort av samma rang och ett annat kort, vilket som helst. Om det finns mer än en spelare med fyrtal vid visningen är det spelaren med de högsta fyra korten som vinner potten.

I pokerspel med gemensamma kort: om två eller fler spelare delar samma fyrtal avgörs vinnaren på vem som har högst femte kort, även kallat sidokort eller ""kicker"".

Det finns 624 möjliga fyrtalshänder. De bästa innehåller fyra ess, den lägsta består av 2 - 2 - 2 - 2. Chansen att få fyrtal är också mycket liten, 0,024 %.",0.024%,17.svg,51.svg,38.svg,25.svg,12.svg
Full house,Full house,Full House,"Full","Фулл-хаус","Fuldt hus",Full House,Full House,Kåk,full_house,51.svg,active,38.svg,active,25.svg,active,33.svg,active,7.svg,active,"Full house is the next highest ranking hand after four-of-a-kind. It has three matching cards of one rank and two matching cards of a different rank. If there are more that one full houses at the showdown, the player with highest rank of the three cards wins the pot. In poker games with community cards, it is possible that several players share three matching cards from the board. In this case, the player with the higher pair wins the pot. 

There are 3.744 possible combinations of a full house. The highest possible is three aces and two kings (A - A - A - K - K) and the lowest is 2 - 2 - 2 - 3 - 3. The probability of being dealt a full house is 0.1441%.","Das Full House ist die nächsthöhere Hand nach dem Vierling. Es besteht aus drei Karten eines Kartenwertes und zwei Karten eines anderen Kartenwertes. Gibt es beim Showdown mehrere Full Houses, dann gewinnt der Spieler mit den drei höchsten Karten den Pot. In Pokerspielen mit Gemeinschaftskarten besteht die Möglichkeit, dass mehrere Spieler drei gleichwertige Karten vom Board teilen. In diesem Fall gewinnt der Spieler mit dem höheren Paar den Pot.

Es gibt 3744 mögliche Kombinationen für ein Full House. Die höchstmögliche besteht aus drei Assen und zwei Königen (A - A - A - K - K), die niedrigste aus 2 - 2 - 2 - 3 - 3. Die Wahrscheinlichkeit, ein Full House zu erhalten, liegt bei 0,1441 %.
","El full es la siguiente jugada por debajo del póker. Son tres cartas iguales de un valor y dos iguales de otro. Si hay más de un full, el que tenga las tres cartas de valor más alto, se lleva el bote. En los juegos con cartas comunitarias, es posible que varios jugadores compartan las tres cartas iguales, en este caso el que tenga la mejor pareja gana el bote.

Hay 3.744 combinaciones posibles para formar full. La maś alta es tres ases y dos reyes (A - A - A - K - K) y la más baja 2 - 2 - 2 - 3 - 3. La probabilidad de que te repartan full es del 0.1441%.",,"Fuldt hus rangerer lige under fire ens. Det indeholder tre matchende kort med samme værdi og to matchende kort med en anden værdi. Hvis der er mere end én spiller, der har fuldt hus ved showdown, vinder den spiller, hvis tre matchende kort har den højeste værdi. I pokerspil med fælleskort kan flere spillere dele de samme tre matchende kort fra bordet. Hvis det sker, vinder den spiller, der har det højeste par.

Der findes 3 744 forskellige kombinationer af fuldt hus. Den højest mulige er tre esser og to konger (A - A - A - K - K), og den laveste er 2 - 2 - 2 - 3 - 3. Sandsynligheden for at få tildelt et fuldt hus er 0,1441 %.","Full House é a quarta maior mão, depois da quadra. Ela é formada por três cartas de valor idêntico e duas outras cartas também de valor idêntico. Se houver mais de um Full House na mesma hora da verdade, o jogador com as três cartas de maior valor ganha o pote. Nos jogos de pôquer com cartas da mesa ou comunitárias, é possível que vários jogadores compartilhem três cartas iguais da mesa. Neste caso, o jogador com o par maior ganha o pote.

Há 3.744 combinações possíveis de Full House. A maior possível é a formada de três Ases e dois Reis (A - A - A - K - K) e a menor de 2 - 2 - 2 - 3 - 3. A probabilidade de formar um Full House é de 0,1441%.","Le Full house est la main la plus élevée qui suit le carré dans le classement. Elle est constituée de trois cartes de même rang et deux cartes d'un autre rang. Lors de l'abattage, si plusieurs joueurs possèdent un full house, le joueur possédant les trois cartes les plus élevées remporte le pot. Aux jeux de poker avec des cartes communautaires, il est possible que plusieurs joueurs partagent trois cartes correspondantes provenant du tableau. Dans ce cas, le joueur ayant la paire la plus haute remporte le pot.

Il existe 3 744 combinaisons possibles de full house. Le Full house le plus élevé possible est constitué de trois As et de deux Rois (A - A - A - K - K) et le plus bas est 2 - 2 - 2 - 3 - 3. La probabilité d'obtenir un full house est de 0,1441 %.","Kåk är den näst högsta handen efter fyrtal. Den har tre matchande kort av en rankning och två matchande kort av en annan rankning. Om det finns mer än en kåk vid visningen vinner spelaren med högsta kort i de tre korten potten. I pokerspel med gemensamma kort är det möjligt att flera spelare delar samma tre matchande från bordet. Då vinner spelaren som har högst par potten.

Det finns 3 744 möjliga kombinationer av kåk. Den högsta möjliga är tre ess och två kungar (A - A - A - K - K) medan den lägsta kåken är 2 - 2 - 2 - 3 - 3. Sannolikheten att få kåk är 0,1441 %.",0.1441%,49.svg,10.svg,39.svg,13.svg,26.svg
Flush,Flush,Flush,"Flush","Флеш","Flush",Flush ou Cores,"Flush",Färg,flush,39.svg,active,36.svg,active,35.svg,active,31.svg,active,30.svg,active,"Flush is rather strong poker hand. It consists of any five cards of the same suit, but not in sequence. If there are more than one flushes at showdown, the player with the highest top card wins the pot. If both players have the same highest card in a hand, the second highest card is compared, and so on, until a difference is found. If there is no difference between the two hands, the players split the pot. Remember, the suits are equal in poker, so it makes no odds which suit you use to form a hand. 

There are 5.108 possible combinations and chances of being dealt a flush are 0.1965%.","Der Flush ist eine ziemlich starke Pokerhand. Er besteht aus fünf Karten einer Farbe, jedoch nicht in Reihenfolge. Gibt es beim Showdown mehr als einen Flush, dann gewinnt der Spieler mit der höchsten Karte den Pot. Haben zwei Spieler die gleiche höchste Karte in ihrer Hand, dann wird die zweithöchste verglichen usw. bis eine Differenz gefunden wird. Gibt es keine Unterschiede zwischen den beiden Händen, teilen sich die Spieler den Pot. Denken Sie daran, dass Kartenfarben im Poker gleichwertig sind. Es macht also keinen Unterschied, aus welcher Farbe Sie Ihre Hand bilden.

Es gibt 5108 mögliche Kombinationen und die Chance, einen Flush zu erhalten, liegt bei 0,1965 %.
","El color es una mano bastante fuerte. Son cinco cartas del mismo palo, pero no seguidas. Si hubiera más de un jugador con color, el que tuviera la carta más alta se llevaría el bote. Si varios jugadores tienen la carta más alta del mismo valor, se compara la segunda y se continúa así. Si no hay diferencia entre las dos manos, el bote se reparte. Recuerda que en póker no hay diferencia entre los palos, así que no importa de qué palo es el color.

Hay 5.108 combinaciones y las posibilidades de ligarlo son del 0,1965%.",,"En flush er en af de bedre pokerhænder. Den består af fem kort i samme kulør, der ikke er i rækkefølge. Hvis der er mere end én flush ved showdown, vinder den, der indeholder det højeste kort. Hvis flere spillere har det samme højeste kort i deres flush, sammenlignes det næsthøjeste kort og så fremdeles, indtil der findes en forskel. Hvis værdien af samtlige kort er nøjagtig ens, deler spillerne puljen. Da alle kulører er ligeværdige i poker, er det ligegyldigt, hvilken kulør din flush består af.

Der er 5 108 forskellige flushkombinationer, og chancen for at få tildelt en er 0,1965 %.","Flush ou Cores é uma mão de pôquer especialmente forte. Ela consiste em cinco cartas do mesmo naipe, mas não em sequência. Se houver mais de um Flush (Cores) na hora da verdade (showdown), o jogador que tiver a carta maior ganha o pote. Se ambos os jogadores tiverem a mesma carta mais alta em uma mão, a segunda carta mais alta será comparada e assim sucessivamente até que se encontre uma diferença. Se não houver diferença entre as duas mãos, os jogadores dividirão o pote. Lembre-se, os naipes são iguais no pôquer; então, não importa o naipe usado para formar uma mão.

Há 5.108 combinações possíveis e as chances de formar um Flush (Cores) são de 0,1965%.","La Flush est une main de poker plutôt forte. Elle est constituée de cinq cartes de la même couleur, mais non consécutives. En cas de plusieurs flush lors de l'abattage, le joueur possédant la carte la plus haute remporte le pot. Si deux joueurs possèdent la même carte haute dans une main, la seconde carte la plus haute est comparée, et ainsi de suite, jusqu'à ce que les mains puissent être différenciées. S'il n'existe aucune différence entre les deux mains, les joueurs se partagent le pot. N'oubliez pas, les couleurs sont égales au poker. Ainsi, peu important la couleur que vous utilisez pour constituer une main.

Il existe 5 108 combinaisons possibles et les chances d'obtenir une flush sont de 0,1965 %.","Färg är en ganska stark pokerhand. Den består av fem kort i samma färgsvit men inte i följd. Om det finns mer än en färg vid visningen är det spelaren med högsta toppkortet som vinner potten. Om båda spelarna har samma högsta kort i handen jämförs det näst högsta kortet tills en skillnad hittas. Om det inte finns någon skillnad mellan de två händerna delar spelarna på potten. Kom i håg att färgsviterna är jämlika i poker så det spelar ingen roll vilken färg du använder för att skapa handen.

Det finns 5 108 möjliga kombinationer och chansen att få färg är 0,1965 %.",0.1965%,16.svg,18.svg,21.svg,24.svg,14.svg
Straight,Straight,Straße,"Escalera","Стрейт","Straight",Straight,Quinte,Stege,straight,46.svg,active,45.svg,active,31.svg,active,17.svg,active,3.svg,active,"Straight is a poker hand that contains any five connected cards in sequence with at least two different suits. If there are two or more straight hands at showdown, the player with the highest top card wins the pot. If the highest card in all the straights is of the same rank, the pot is split among the players. All suits are equal in poker, they can not be used to determine a winner. 

The ace in a straight may be used as both a high (A - K - Q - J - 10) and low (5 - 4 - 3 - 2 - A) card. The first example, known as ‘Broadway’’, shows the highest ranking straight. In contract to the second example called the ‘wheel’ in poker terms, which is the lowest possible straight. 

There are 10.240 possible straight combinations, making it a 0.39% chance of being dealt one.","Die Straße (Straight) ist eine Pokerhand, die aus fünf Karten in einer Reihenfolge und aus mindestens zwei verschiedenen Kartenfarben besteht. Gibt es beim Showdown mehr als eine Straße, dann gewinnt der Spieler mit der höchsten Karte den Pot. Ist die höchste Karte bei den Straßen gleichrangig, dann wird der Pot zwischen den Spielern aufgeteilt. Beim Poker sind alle Spielkartenfarben gleichwertig, sie können nicht zur Bestimmung eines Gewinners verwendet werden.

Das Ass (A) kann in einer Straße sowohl als höchste (A - K - Q - J - 10) als auch als niedrigste Karte (5 - 4 - 3 - 2 - A) stehen. Das erste Beispiel, auch bekannt als „Broadway“, zeigt die höchste Straße. Im Gegensatz dazu ist das zweite Beispiel, in der Pokersprache „Wheel“ genannt, die niedrigste mögliche Straße.

Es gibt 10.240 mögliche Straßen-Kombinationen und damit eine 0,39%ige Chance, eine Straße ausgeteilt zu bekommen.
","La escalera es una mano de póker que contiene cinco cartas consecutivas con al menos dos palos diferentes. Si hay más una escalera, la que esté formada por las cartas más altas se lleva el bote. Si la carta más alta de las escaleras son la misma, el bote se reparte. Todos los palos valen igual en el póker y no se pueden usar para determinar el ganador.

El as ser la carta más alta de la escalera (A - K - Q - J - 10) o la más baja (5 - 4 - 3 - 2 - A). En el primer ejemplo, que se llama también ‘Broadway’’, muestra la escalera más alta. La segunda, llamada ‘wheel’, es la escalera más baja posible.

Hay 10.240 escaleras posibles, lo que hace un 0.39% de posibilidades de tenerla.",,"Straight er en pokerhånd, der indeholder fem sammenhængende kort i rækkefølge i mindst to forskellige kulører. Hvis der er to eller flere straights ved showdown, vinder den, der indeholder det højeste kort. Hvis det højeste kort i alle straights har samme værdi, deler spillerne puljen. Alle kulører er lige meget værd i poker, så kuløren kan ikke bruges til at afgøre, hvem der vinder.

Esset i en straight kan bruges som både højeste (A - K - Q - J - 10) og laveste (5 - 4 - 3 - 2 - A) kort. Det første eksempel er den højest mulige straight og kaldes også for ""Broadway"". Omvendt er det andet eksempel den lavest mulige straight. I pokerterminologien kaldes den for ""wheel"" eller ""hjul"" på dansk.

Der er 10 240 mulige straightkombinationer, og chancen for at få tildelt en er derfor 0,39 %.","Straight ou Sequência é uma mão de pôquer que contém quaisquer cinco cartas em sequência, com pelo menos dois naipes diferentes. Se houver duas ou mais mãos de Straight na hora da verdade, o jogador que tiver a carta maior ganha o pote. Se a carta maior de todos os Straights for igual, o pote será dividido entre os jogadores. Todos os naipes são iguais no pôquer e não podem ser usados para determinar o vencedor.

O Ás em um Straight pode ser usado como carta alta (A - K - Q - J - 10) e carta baixa (5 - 4 - 3 - 2 - A). O primeiro exemplo, conhecido como ""Broadway"", mostra o Straight de maior valor. Em comparação, o segundo exemplo, chamado de ""Wheel"" no pôquer, é o menor Straight possível.

Há 10.240 combinações possíveis de Straight, o que lhe dá uma chance de 0,39% de formar um.","La quinte est une main de poker qui est constituée de cinq cartes consécutives contenant au moins deux couleurs différentes. En cas de plusieurs quintes lors de l'abattage, le joueur possédant la carte la plus haute remporte le pot. Si la carte la plus haute de toutes les quintes est de même rang, le pot est partagé entre les joueurs. Toutes les couleurs sont égales au poker. Elles ne peuvent pas être utilisées pour déterminer un gagnant.

L'As d'une quinte peut être utilisé comme la carte haute (A - K - Q - J - 10) et la carte basse (5 - 4 - 3 - 2 - A). Le premier exemple, appelé « Broadway », montre la quinte la plus élevée. Au contraire du second exemple, appelé la « wheel » dans le vocabulaire du poker, qui est la quinte la plus basse possible.

Il existe 10 240 combinaisons possibles de quinte, soit 0,39 % de chance d'en obtenir une.","Stege är en pokerhand som innehåller fem sammanhängande kort i minst två olika färger. Om det finns mer än en stege vid visningen är det spelaren med högsta toppkortet som vinner potten. Om det högsta kortet i alla stegar är av samma rankning delas potten mellan spelarna. Alla färgsviter i poker är jämlika, de kan inte användas för att bestämma en vinnare.

Esset i en stege kan används både som högt (A - K - Q - J - 10) och lågt (5 - 4 - 3 - 2 - A) kort. Det första exemplet, som kallas ""Broadway"", visar den högst rankade stegen. I kontrast till det andra exemplet som kallas ""wheel"" i pokertermer, som är den lägsta möjliga stegen.

Det finns 10 240 möjliga kombinationer av stege vilket gör chansen att tilldelas en 0,39 %.",0.39%,31.svg,45.svg,7.svg,21.svg,48.svg
Three of a kind,Three of a kind,Drilling,"Trío","Сет (трипс)","Tre ens",Trinca,Brelan,Triss,three_of_kind,27.svg,active,14.svg,active,1.svg,active,17.svg,passive,2.svg,passive,"Three-of-a-kind is the next ranking hand after staring. It consists of any three cards of the same rank and any two other cards. If there are two or more players with a three-of-a-kind at showdown, the highest fourth card, also known as the ‘kicker’, decided who the winner is. If the fourth card did not determine the winner, the fifth card is considered. In a situation where all revealed three-of-a-kind hands are equal, the pot is split divided among the winning players. 

In Texas Hold’em and other flop games, three-of-a-kind is called a ‘set’. It is when a player has a pair on his private (hole) cards and one card of a matching rank on the board, for example, 5 - 5 on your hole cards and 5 on the board. Another possible type of three-of-a-kind is ‘trips’. it is made up of a matching pair on the board and one hole card, for example, 5 - 5 - 4 on the board and 5 on your hole cards.

There are 54.912 possible three-of-a-kind hands. The likelihood of being dealt such a combination is 2.1128%.","Der Drilling (Three-of-a-kind) ist die nächsthöhere Hand nach dem Staring. Sie besteht aus beliebigen drei Karten vom gleichen Wert sowie zwei beliebigen weiteren Karten. Gibt es beim Showdown zwei oder mehr Spieler mit einem Drilling, dann bestimmt die höchste vierte Karte, auch als „Kicker“ bezeichnet, den Gewinner. Konnte die vierte Karte den Gewinner nicht bestimmen, wird die fünfte Karte herangezogen. In dem Fall, in dem alle aufgedeckten Hände mit Drillingen gleichwertig sind, wird der Pot zwischen den Gewinnern aufgeteilt.

In Texas Hold’em und anderen Flop-Spielen werden Drillinge als „Set“ bezeichnet. Das bedeutet, dass ein Spieler ein Paar in seinen Hole Cards (verdeckten Karten) besitzt und eine gleichwertige Karte auf dem Board liegt, z.B. 5 - 5 in seinen Hole Cards und 5 auf dem Board. Eine andere Möglichkeit für Drillinge ist das sogenannte „Trips“. Es wird aus einem Paar auf dem Board und einer Hole Card gebildet, z.B. 5 - 5 - 4 auf dem Board und fünf in den Hole Cards.

Es gibt 54,912 Möglichkeiten für eine Hand mit Drillingen. Die Wahrscheinlichkeit, eine solche Kombination zu erhalten, liegt bei 2,1128 %.
","El trío es la mano siguiente a la escalera. Consiste en tres cartas del mismo valor y dos cartas más desemparejadas. Si hay más de un jugador con trío el que tenga el trío de las cartas más altas es el ganador, si el trío es del mismo valor, el que tenga la mejor cuarta carta sería el ganador. Si también se empata a la cuarta carta, se compara la quinta. Si las manos sin iguales, el bote se divide. 

En Texas Hold’em y otros juegos con flop, también se le llama set. Es cuando un jugador con pareja de mano consigue trío con una carta de las comunitarias. Por ejemplo, con 5-5 en las manos y aparece otro 5 en la mesa. Otra posibilidad de trío son los trips, que es una pareja en la mesa que forma trío con una de tus dos cartas de mano. 

Hay 54.912 manos posibles de trío. La probabilidad de conseguirlo es del 2.1128%.",,"Tre ens rangerer lige under en straight. Tre ens består af tre kort med samme værdi og to kort mere. Hvis der er to eller flere spillere, der har tre ens ved showdown, vinder den spiller, hvis tre ens har den højeste værdi. Hvis flere spillere har de samme tre ens, afgøres hånden af, hvem der har det bedste fjerde kort, den såkaldte kicker. Hvis det fjerde kort ikke afgør, hvem der har vundet, sammenlignes det femte kort. Hvis alle hænder med tre ens er nøjagtig ens, deles puljen mellem de vindende spillere.

II Texas Hold’em og andre flopspil, kaldes tre ens for enten ""set"" eller ""trips"". Et set er, når en spiller har et par på hånden (hole cards), og der ligger et kort med samme værdi på bordet, f.eks. 5 - 5 som hole cards og yderligere en 5 på bordet. Trips består af et matchende par på bordet og et tilsvarende hole card, f.eks. 5 - 5 - 4 på bordet og en 5 som hole card.

Der er 54 912 forskellige udgaver af tre ens. Sandsynligheden for at få tildelt en af dem er 2,1128 %","A Trinca é a próxima mão na classificação. Ela é formada de quaisquer três cartas de valor idêntico e quaisquer duas outras cartas. Se houver dois ou mais jogadores com uma Trinca na hora da verdade, a quarta carta de maior valor, também conhecida como desempate ou ""kicker"", decidirá quem é o vencedor. Se a quarta carta não determinar o vencedor, a quinta carta será considerada. Caso todas as trincas reveladas sejam iguais, o pote será dividido entre os jogadores vencedores.

No Texas Hold’em e em outros jogos com abertura (flop), a trinca é chamada de ""set"" ou trio. É quando um jogador tem um par em suas próprias cartas (cartas fechadas) e uma carta do mesmo tipo na mesa; por exemplo, 5 - 5 nas cartas fechadas e 5 na mesa. Outro tipo possível de trinca são as ""trips"". Ela é formada de um par na mesa e uma carta fechada; por exemplo, 5-5-4 na mesa e 5 em suas cartas da mão.

Há 54.912 mãos possíveis de trinca. A probabilidade de formar essa combinação é de 2,1128%.","Le brelan est la main suivante dans le classement après la quinte. Elle est constituée de n'importes quelles trois cartes de même valeur et de deux autres cartes. Si plusieurs joueurs possèdent un brelan lors de l'abattage, la quatrième carte la plus haute, également appelée le « kicker », permet de déterminer le gagnant. Si la quatrième carte n'a pas permis de déterminer le gagnant, on utilise la cinquième carte. Dans le cas où toutes les mains de brelan découvertes sont égales, le pot est partagé parmi les joueurs gagnants.

Au Texas Hold’em et dans les autres jeux flop, le brelan est appelé un « set ». Il s'agit d'un brelan où un joueur a une paire provenant de ses cartes fermées et une carte de même valeur sur le tableau, par exemple, 5 - 5 de vos cartes fermées et 5 sur le tableau. Un autre type possible de brelan est le « trips ». Il est constitué d'une paire sur le tableau et d'une carte fermée, par exemple, 5 - 5 - 4 sur le tableau et 5 sur vos cartes fermées.

Il existe 54 912 mains de brelans possibles. La probabilité d'obtenir une telle combinaison est de 2,1128 %.","Triss är den näst högst rankade handen efter stege. Den består av tre kort av samma rang och två andra kort, vilka som helst. Om det är två eller fler spelare med triss vid visningen används det högsta fjärde kortet, även kallat sidokort eller ""kicker"" för att utse vinnaren. Om det fjärde kortet inte kan avgöra vinnaren används det femte kortet. I en situation där alla visade triss-händer är likvärdiga delas potten lika mellan de vinnande spelarna.

I Texas Hold’em och andra flopp-spel kallas triss för ""set"". Det är när en spelare har ett par i sina privata kort (hålkort) och ett kort av matchande rankning på bordet, till exempel 5-5 i hålkort och 5 på bordet. En annan möjlig triss är ""trips"" som består av ett matchande par på bordet och ett hålkort, t.ex. 5 - 5 - 4 på bordet och 5 i hålkorten.

Det finns 54 912 möjliga trisshänder. Sannolikheten att tilldelas en sådan kombination är 2,1128 %.",2.1128%,44.svg,6.svg,24.svg,11.svg,37.svg
Two pairs,Two pairs,Zwei Paare,"Dobles parejas","Две пары (допер)","To par",Dois pares,Double paire,Två par,two_pairs,11.svg,active,24.svg,active,8.svg,active,21.svg,active,45.svg,passive,"Two pair speaks for itself. It is basically a poker hand made up of two pairs of a different rank and any other card. If there are several players with a two pair, they are compared by the highest pair in each hand. The best two pair wins the pot. If the highest pairs are equal, the second pair determine the winner. If none of the pairs can be used to determine the winner, the player with the highest fifth card, also called the ‘kicker’, gets all the money from the pot. It is also possible that two players have absolutely equal two pairs, in that case the pot is split between them. 

There are 123.552 possible two pair hands, making it one of the most winning hands. This is  4.7539% chances of being dealt one.","Zwei Paare sprechen für sich selbst. Das ist einfach eine Pokerhand, die aus zwei Paaren unterschiedlichen Wertes und einer weiteren Karte besteht. Gibt es mehrere Spieler mit zwei Paaren, dann werden sie anhand ihres jeweils höchsten Paares verglichen. Derjenige mit den beiden besten Paaren gewinnt den Pot. Sind die beiden höchsten Paare gleichwertig, bestimmt das zweite Paar den Gewinner. Kann der Gewinner nicht anhand der Paare bestimmt werden, dann erhält der Spieler mit der höchsten fünften Karte, auch „Kicker“ genannt, das ganze Geld aus dem Pot. Auch ist es möglich, dass beide Spieler zwei absolut gleiche Paare haben. In diesem Fall wird der Pot zwischen ihnen aufgeteilt.

Es gibt 123.552 mögliche Hände mit zwei Paaren, wodurch dieses eine der häufigsten Gewinnhände ist.. Die Chance, eine solche Hand ausgeteilt zu bekommen, liegt bei 4,7539 %.
","Las dobles parejas están claras. Es una mano de póker formada por dos parejas distintas y una carta más. Si varios jugadores tienen dobles parejas, se compara la pareja mayor de cada mano. El que tenga esa pareja más alta se lleva la mano. Si la pareja alta es igual, entonces la segunda pareja es la que determina el ganador. Si las dos parejas son iguales, la mejor quinta carta de los jugadores, llamada carta de apoyo, se lleva el bote. Si esta carta también es igual, el bote se reparte. 

Hay 123.552 manos posibles con dobles parejas, siendo una de las manos que más veces gana. Esto son un 4.7539% de posibilidades de que te la repartan.",,"To par er lige ud ad landevejen. Det er ganske enkelt en pokerhånd, der består af to par med forskellige værdier og et kort mere. Hvis flere spillere sidder med to par, sammenlignes det højeste par i hver hånd. Det højeste par vinder. Hvis de højeste par er ens, afgør det andet par, hvem der vinder. Hvis der ikke kan findes en vinder ved at sammenligne parrene, går hele puljen til den spiller, der har det højeste femte kort, den såkaldte kicker. Hvis flere spillere har de samme to par og den samme kicker, deler de puljen.

Der er 123 552 forskellige hænder med to par, og det er derfor en af de mest vindende hænder. Chancen for at få tildelt to par er 4,7539 %","Dois pares já é um termo autoexplicativo. Basicamente, é uma mão de pôquer formada de dois pares diferentes e qualquer outra carta. Se houver vários jogadores com dois pares, eles serão comparados pelo par maior em cada mão. O melhor dois pares ganha o pote. Se os pares maiores forem iguais, o segundo par maior determinará o vencedor. Se nenhum dos pares puder ser usado para determinar o vencedor, o jogador com a quinta carta maior, também chamada de desempate ou ""kicker"", ficará com todo o dinheiro do pote. Também é possível que dois jogadores tenham dois pares absolutamente iguais; nesse caso, o pote será dividido entre eles.

Há 123.552 mãos possíveis de dois pares, o que o torna uma das mãos que mais vencem. São 4,7539% chances de formar essa mão.","La double paire parle d'elle-même. Il s'agit d'une main de poker constituée de deux paires valeur différente et de toute autre carte. Si plusieurs joueurs possèdent une double paire, celle-ci est comparée par la paire la plus haute de chaque main. La meilleure double paire remporte le pot. Si les paires les plus hautes sont égales, la seconde paire détermine le gagnant. Si aucune des paires ne permet de déterminer le gagnant, le joueur possédant la cinquième carte la plus haute, également appelée le « kicker », gagne tout l'argent du pot. Il est aussi possible que deux joueurs possèdent deux paires absolument égales. Dans ce cas, le pot est reparti entre eux.

Il existe 123 552 mains possibles de double paire, ce qui constitue l'un des mains gagnantes les plus courantes. Il y a 4,7539 % de chances d'en obtenir une.","Två par är självförklarande. Det är en pokerhand bestående av två par av olika rankning samt ett annat kort. Om flera spelare har två par jämförs deras högsta par i varje hand. Bästa två parshanden vinner potten. Om de högsta paren är lika används det andra paret för att utse vinnaren. Om inget av paren kan användas för att utse vinnaren kommer spelaren med det högsta femte kortet, även kallat sidokort eller ""kicker"" att få alla pengarna i potten. Det är även möjligt att två spelare har två exakt likvärdiga par, då delas potten mellan dem.

Det finns 123 552 möjliga tvåparshänder, vilket gör dem till en av de mest vinnande händerna. Chansen att få två par är 4,7539 %.",4.7539%,15.svg,52.svg,39.svg,1.svg,27.svg
Pair,Pair,"Paar","Pareja","Пара","Par","Par",Paire,"Par",pair,12.svg,active,51.svg,active,3.svg,passive,32.svg,passive,18.svg,passive,"One pair is a poker hand rank that consists of two cards of the same rank and any three other cards. If there are two or more players with one pair, a player with the highest card value pair wins the pot. If a few players have the same pair, other three cards, or the ‘kickers’, are used to determine the winner. The player with the highest non-pair card wins all the money in the pot. In a situation when several players have the pair and three cards of the same value, the pot is split among them. 

There are 1.098.240 possible one pair hands. That makes the chances of being dealt one very high at 42.2569%.","Ein Paar ist eine Pokerhand, die aus zwei Karten desselben Wertes und drei anderen beliebigen Karten besteht.. Haben zwei oder mehr Spieler ein Paar, dann gewinnt der Spieler mit dem höchstwertigen Paar den Pot. Haben mehrere Spieler das gleiche Paar, dann wird der Gewinner anhand der anderen drei Karten, der „Kicker“, bestimmt. Der Spieler mit der höchsten nicht im Paar befindlichen Karte gewinnt das ganze Geld im Pot. Im Fall, dass mehrere Spieler ein Paar und die zusätzlichen Karten vom selben Wert haben, wird der Pot zwischen ihnen aufgeteilt.

Es gibt 1.098.240 mögliche Hände mit einem Paar. Somit liegt die Chance, eines ausgeteilt zu bekommen, mit 42,2569 % sehr hoch.
","Una pareja consiste en dos cartas del mismo valor y tres cartas más. Si hay más de un jugador con pareja, el que tenga esta de cartas mayores se lleva el bote. Si hay varios jugadores con apreja del mismo valor, las otras tres cartas, las cartas de apoyo, se usan para determinar el ganador. El jugador con la carta de apoyo más alta se lleva el bote. Si se empata a la pareja y a las tres cartas de apoyo, el bote se reparte. 

Hay 1.098.240 manos posibles con una pareja. Esto hace que la probabilidad de tenerla sea del 42.2569%.",,"Ét par er en pokerhånd, der indeholder to kort med samme værdi og tre andre kort. Hvis der er to eller flere spillere, der har ét par, vinder den, hvis par har den højeste værdi. Hvis flere spillere har det samme par, afgør deres tre øvrige kort – deres ""kickere"" – hvem der vinder. Spilleren med det højeste kort, der ikke indgår i parret, vinder puljen. Hvis både parret og de tre øvrige kort har samme værdi hos mere end én spiller, deler de pågældende spillere puljen.

Der er 1 098 240 forskellige hænder, der indeholder ét par. Det betyder, at chancen for at få tildelt et er hele 42,2569 %","Um par é uma mão de pôquer que consiste em duas cartas iguais e quaisquer outras três cartas. Se houver dois ou mais jogadores com um par, o jogador que tiver o par de valor maior ganha o pote. Se vários jogadores tiverem o mesmo par, as outras três cartas, ou desempates (""kickers""), serão usadas para determinar o vencedor. O jogador com a maior carta que não seja do par ganha todo o dinheiro do pote. Caso vários jogadores tenham o par e três cartas do mesmo valor, o pote será divido entre eles.

Há 1.098.240 mãos possíveis de um par. Portanto, as chances de formar um par são bem altas, 42,2569%.","Une paire est une main de poker constituée de deux cartes de même valeur et de trois autres cartes, quelles qu'elles soient. Si plus de deux joueurs possèdent une paire, un joueur ayant la paire de la valeur la plus haute remporte le pot. Si plusieurs joueurs possèdent la même paire, les autres trois cartes, ou « kickers », servent à déterminer le gagnant. Le joueur possédant la carte la plus haute hors paire gagne tout l'argent du pot. Si plusieurs joueurs possèdent la paire et trois cartes de même valeur, le pot est reparti entre eux.

Il existe 1 098 240 mains possibles de paire. Les possibilités d'obtenir une paire sont très élevées, avec 42,2569 %.","Ett par är en pokerhandrankning som består av två kort i samma rankning och tre andra kort. Om det finns två eller fler spelare med ett par är det spelaren med paret av högsta kortvärde som vinner potten. Om fler spelare har samma par används de övriga tre korten (sidokort eller ""kicker"") för att utse vinnaren. Spelaren med högsta kort som inte är en del i paret viner alla pengarna i potten. I en situation där flera spelare har par och tre kort av samma värde delas potten mellan dem.

Det finns 1 098 240 möjliga enparshänder. Chansen att få ett par är mycket hög, 42,2569 %.",42.2569%,41.svg,4.svg,20.svg,49.svg,10.svg
High card,High card,"Höchste Karte","Carta alta","Старшая карта","Højt kort",Carta alta,Carte forte,Högt kort,high_card,1.svg,active,22.svg,passive,41.svg,passive,33.svg,passive,3.svg,passive,"No pair is the lowest possible hand that contains any cards.  If a few players play no pair at showdown, the highest top card determines the winner. If all top cards are equal in value, the next highest ranking card from each hand is compared, and so on until a difference is found. If players have absolutely the same no pairs, the pot is split among them. It is not the end of the world if you get a no pair, as here is still a chance to win money form the pot if all the other players fold or have the same ranking hand at showdown.

There are 2.598.960 possible five card combinations. The chances of being dealt a no pair 50.1177%.","Kein Paar ist die niedrigste mögliche Hand, die überhaupt Karten enthält. Wenn mehrere Spieler beim Showdown kein Paar spielen, dann bestimmt die höchste Karte den Gewinner. Sind alle höchsten Karten gleichwertig, wird die nächsthöchste Karte von jeder Hand verglichen usw., bis eine Differenz gefunden wird. Haben die Spieler absolut die gleichen Hände ohne Paar, dann wird der Pot zwischen ihnen aufgeteilt. Wenn Sie kein Paar erhalten, ist das nicht das Ende der Welt, denn es besteht immer noch die Chance, Geld aus dem Pot zu gewinnen, wenn alle anderen Spieler passen oder beim Showdown gleichwertige Hände haben.

Es gibt 2.598.960 mögliche Kombinationen aus fünf Karten. Die Wahrscheinlichkeit, kein Paar ausgeteilt zu bekommen, liegt bei 50,1177 %.
","Ni pareja es la mano más baja posible. Si varios jugadores no han conseguido ni pareja, la carta maś alta es la ganadora. Si se empata a la carta más alta, se compara la segunda carta, y así hasta que haya diferencia. Si los jugadores tienen la misma mano el bote se reparte. No se acaba el mundo si no consigues ni una pareja porque aún te puedes llevar fichas del bote si se tiran o no tienen una mano superior.

Hay 2.598.960 combinaciones posibles y las probabilidades son del 50.1177%.",,"En hånd uden så meget som et par er den lavest mulige pokerhånd. Hvis ingen kan vise ét par eller mere ved showdown, vinder den spiller, der sidder med det højeste kort. Hvis flere spillere har det samme højeste kort, sammenlignes det næsthøjeste kort og så fremdeles, indtil der findes en forskel. Hvis værdien af samtlige kort er nøjagtig ens, deler spillerne puljen. Det er altså ikke fuldstændig håbløst, selvom du ikke engang får et par. Du har stadig chancen for at vinde puljen, hvis alle de andre spillere folder, eller de heller ikke har fået noget af værdi.

Der er 2 598 960 mulige kombinationer af fem forskellige kortværdier. Risikoen for, at du ikke får så meget som et par er 50,1177 %","Nenhum par é a menor mão possível de quaisquer cartas. Se vários jogadores não tiverem um par na hora da verdade, a carta mais alta determinará o vencedor. Se todas as cartas altas forem de igual valor, a próxima carta maior na classificação de cada mão será comparada, até que haja uma diferença. Se os jogadores tiverem cartas absolutamente iguais, o pote será dividido entre eles. Não é o fim do mundo não ter um par, pois ainda há oportunidade de ganhar dinheiro do pote se todos os jogadores desistirem ou tiverem a mesma mão na hora da verdade.

Há 2.598.960 mãos possíveis de combinações de cinco cartas. As chances de receber uma mão sem pares é de 50,1177%.","Aucune paire est la main la plus faible possible qui contient n'importe quelles cartes. Si plusieurs joueurs jouent la hauteur lors de l'abattage, la carte la plus forte détermine le gagnant. Si toutes les cartes hautes sont d'égale valeur, la carte la plus haute suivante de chaque main est comparée, et ainsi de suite jusqu'à déterminer une différence. Si les joueurs ont absolument les mêmes hauteurs, le pot est réparti entre eux. Ce n'est pas la fin du monde si vous possédez une hauteur, car vous avez tout de même une chance de gagner l'argent du pot si tous les autres joueurs se couchent ou ont la main de même niveau lors de l'abattage.

Il existe 2 598 960 combinaisons possibles de cinq cartes. Les chances d'obtenir une hauteur sont de 50,1177 %.","Inget par är den lägsta möjliga handen. Om flera spelare spelar inget par vid visningen är det det högsta kortet som bestämmer vinnaren. Om alla toppkort har samma värde jämförs det näst högst rankade kortet från varje hand tills en skillnad hittas. Om spelarna har exakt samma icke-par delas potten mellan dem. Det är inte hela världen om du får ett icke-par eftersom det fortfarande finns chans att vinna pengar från potten om alla de övriga spelarna kastar korten eller har samma rankande hand vid visningen.

Det finns 2 598 960 möjliga femkortshänder. Sannolikheten att tilldelas ett icke-par är 50,1177 %.",50.1177%,42.svg,7.svg,9.svg,38.svg,40.svg